<?xml version="1.0" encoding="UTF-8"?>
<project-private xmlns="http://www.netbeans.org/ns/project-private/1">
    <editor-bookmarks xmlns="http://www.netbeans.org/ns/editor-bookmarks/2" lastBookmarkId="0"/>
    <open-files xmlns="http://www.netbeans.org/ns/projectui-open-files/2">
        <group>
            <file>file:/C:/Users/david/Downloads/EjercicioLaGranja/EjercicioLaGranja/src/Zoologico/cabra.java</file>
            <file>file:/C:/Users/david/Downloads/EjercicioLaGranja/EjercicioLaGranja/src/Zoologico/Main.java</file>
            <file>file:/C:/Users/david/Downloads/EjercicioLaGranja/EjercicioLaGranja/src/Zoologico/Puma.java</file>
            <file>file:/C:/Users/david/Downloads/EjercicioLaGranja/EjercicioLaGranja/src/Zoologico/Jirafa.java</file>
            <file>file:/C:/Users/david/Downloads/EjercicioLaGranja/EjercicioLaGranja/src/Zoologico/leon.java</file>
            <file>file:/C:/Users/david/Downloads/EjercicioLaGranja/EjercicioLaGranja/src/Zoologico/Tortuga.java</file>
        </group>
    </open-files>
</project-private>
